sample id,barcode,linkerPrimerSequence,Plate,wellPosition,sequenceName,category,description
006W2,AGTCGAACGAGG,CCGGACTACHVGGGTWTCTAAT,Plate1,B02,806rcbc13,smoker,ear
012W2,ATGCTGCAACAC,CCGGACTACHVGGGTWTCTAAT,Plate3,B02,806rcbc205,smoker,ear
014W2,CGGGACACCCGA,CCGGACTACHVGGGTWTCTAAT,Plate3,C02,806rcbc217,smoker,ear
015W2,ACCTTACACCTT,CCGGACTACHVGGGTWTCTAAT,Plate3,D02,806rcbc229,smoker,ear
016W2,TGCAGTCCTCGA,CCGGACTACHVGGGTWTCTAAT,Plate1,D02,806rcbc37,smoker,ear
017W2,GTTATCGCATGG,CCGGACTACHVGGGTWTCTAAT,Plate2,F02,806rcbc157,smoker,ear
018W2,CGCTACAACTCG,CCGGACTACHVGGGTWTCTAAT,Plate2,F12,806rcbc167,smoker,ear
103W2,GCGTTCTAGCTG,CCGGACTACHVGGGTWTCTAAT,Plate1,H02,806rcbc85,non_smoker,ear
104W2,TGTGCGATAACA,CCGGACTACHVGGGTWTCTAAT,Plate2,A02,806rcbc97,non_smoker,ear
105W2,GCGACAATTACA,CCGGACTACHVGGGTWTCTAAT,Plate2,B02,806rcbc109,non_smoker,ear
107W2,ACCCAAGCGTTA,CCGGACTACHVGGGTWTCTAAT,Plate2,D02,806rcbc133,non_smoker,ear
108W2,TGAACCCTATGG,CCGGACTACHVGGGTWTCTAAT,Plate2,E02,806rcbc145,non_smoker,ear
109W2,TACGAGCCCTAA,CCGGACTACHVGGGTWTCTAAT,Plate1,C12,806rcbc35,non_smoker,ear