sample id,barcode,linkerPrimerSequence,Plate,wellPosition,sequenceName,category,description
010W2,ACGAGACTGATT,CCGGACTACHVGGGTWTCTAAT,Plate1,A02,806rcbc1,smoker,ear
006W2,AGTCGAACGAGG,CCGGACTACHVGGGTWTCTAAT,Plate1,B02,806rcbc13,smoker,ear
109W2,TACGAGCCCTAA,CCGGACTACHVGGGTWTCTAAT,Plate1,C12,806rcbc35,non_smoker,ear
016W2,TGCAGTCCTCGA,CCGGACTACHVGGGTWTCTAAT,Plate1,D02,806rcbc37,smoker,ear
019W2,GGCCAGTTCCTA,CCGGACTACHVGGGTWTCTAAT,Plate1,E02,806rcbc49,smoker,ear
101W2,GTGGAGTCTCAT,CCGGACTACHVGGGTWTCTAAT,Plate1,F02,806rcbc61,non_smoker,ear
102W2,ATGGGTTCCGTC,CCGGACTACHVGGGTWTCTAAT,Plate1,G02,806rcbc73,non_smoker,ear
103W2,GCGTTCTAGCTG,CCGGACTACHVGGGTWTCTAAT,Plate1,H02,806rcbc85,non_smoker,ear
104W2,TGTGCGATAACA,CCGGACTACHVGGGTWTCTAAT,Plate2,A02,806rcbc97,non_smoker,ear
105W2,GCGACAATTACA,CCGGACTACHVGGGTWTCTAAT,Plate2,B02,806rcbc109,non_smoker,ear
106W2,GCAATTAGGTAC,CCGGACTACHVGGGTWTCTAAT,Plate2,C02,806rcbc121,non_smoker,ear
107W2,ACCCAAGCGTTA,CCGGACTACHVGGGTWTCTAAT,Plate2,D02,806rcbc133,non_smoker,ear
108W2,TGAACCCTATGG,CCGGACTACHVGGGTWTCTAAT,Plate2,E02,806rcbc145,non_smoker,ear
017W2,GTTATCGCATGG,CCGGACTACHVGGGTWTCTAAT,Plate2,F02,806rcbc157,smoker,ear
018W2,CGCTACAACTCG,CCGGACTACHVGGGTWTCTAAT,Plate2,F12,806rcbc167,smoker,ear
011W2,TCTGCACTGAGC,CCGGACTACHVGGGTWTCTAAT,Plate2,G02,806rcbc169,smoker,ear
110W2,GCTTGAGCTTGA,CCGGACTACHVGGGTWTCTAAT,Plate2,H02,806rcbc181,non_smoker,ear
013W2,TCCATACCGGAA,CCGGACTACHVGGGTWTCTAAT,Plate3,A02,806rcbc193,smoker,ear
012W2,ATGCTGCAACAC,CCGGACTACHVGGGTWTCTAAT,Plate3,B02,806rcbc205,smoker,ear
014W2,CGGGACACCCGA,CCGGACTACHVGGGTWTCTAAT,Plate3,C02,806rcbc217,smoker,ear
015W2,ACCTTACACCTT,CCGGACTACHVGGGTWTCTAAT,Plate3,D02,806rcbc229,smoker,ear
001W2,GTAGTAGACCAT,CCGGACTACHVGGGTWTCTAAT,Plate3,E02,806rcbc241,smoker,ear
003W2,CCGGACAAGAAG,CCGGACTACHVGGGTWTCTAAT,Plate3,F02,806rcbc253,smoker,ear
007W2,TAAATATACCCT,CCGGACTACHVGGGTWTCTAAT,Plate3,G02,806rcbc265,smoker,ear